customer_id,first_name,last_name,gender,date_of_birth,email,phone_number,signup_date,address,city,state,zip_code
1,Robert,Smith,Female,1994-06-14 21:40:27,jane.davis1@mail.com,634-106-4981,2016-10-16 17:23:25,8465 Main St,San Antonio,CA,35566
2,Emily,Garcia,Female,1989-09-21 17:56:31,robert.williams2@mail.com,386-635-5998,2021-04-04 14:24:06,305 Main St,New York,AZ,23187
3,Jessica,Brown,Male,1984-01-21 21:43:13,emily.davis3@mail.com,627-341-5213,2018-04-22 04:51:57,5725 Oak St,Chicago,AZ,99188
4,Michael,Brown,Male,1986-02-06 13:09:53,jessica.williams4@mail.com,126-662-8981,2018-07-06 17:45:14,8468 Oak St,Los Angeles,TX,77421
5,Robert,Jones,Male,1996-12-05 05:10:11,robert.martinez5@mail.com,758-947-2802,2018-03-11 01:43:10,2820 Maple St,Chicago,TX,36281
6,Linda,Garcia,Male,1981-06-28 01:55:30,william.davis6@mail.com,781-582-3504,2020-07-29 19:11:28,4537 Main St,Chicago,CA,90264
7,Alex,Jones,Male,1987-05-21 06:38:51,john.williams7@mail.com,687-991-1638,2018-01-02 08:22:41,5773 Maple St,Phoenix,NY,52732
8,Robert,Garcia,Male,1961-08-23 20:07:35,john.davis8@mail.com,177-295-1630,2018-02-21 18:52:20,6277 Pine St,Chicago,NY,74294
9,Jessica,Martinez,Female,1969-03-06 17:14:56,michael.davis9@mail.com,879-819-9602,2022-01-18 17:11:58,4148 Oak St,Chicago,PA,81465
10,Michael,Smith,Female,1964-04-09 15:55:20,sarah.rodriguez10@mail.com,319-694-5299,2020-03-22 03:08:52,5143 Oak St,Houston,IL,44666
11,Emily,Martinez,Female,1962-06-20 03:18:26,william.jones11@mail.com,925-216-2350,2018-01-11 12:50:14,2137 Pine St,Los Angeles,PA,57118
12,Jessica,Rodriguez,Male,1963-12-13 08:08:29,michael.martinez12@mail.com,266-475-3071,2018-11-24 14:53:14,4838 Pine St,Houston,PA,71718
13,Jessica,Miller,Female,1991-06-24 12:15:45,jessica.garcia13@mail.com,933-962-7201,2019-05-26 14:23:14,8291 Elm St,Houston,NY,66190
14,Alex,Williams,Female,1983-02-06 08:30:24,john.garcia14@mail.com,137-725-5082,2016-03-15 00:14:48,9794 Oak St,New York,TX,78554
15,Sarah,Garcia,Female,1979-11-05 06:23:53,jessica.smith15@mail.com,556-723-1316,2022-11-04 13:09:46,9298 Oak St,Houston,AZ,86790
16,Michael,Rodriguez,Female,1974-07-17 17:33:24,emily.smith16@mail.com,795-532-4869,2018-08-30 23:17:24,3846 Oak St,Phoenix,TX,31105
17,Jane,Miller,Female,1968-07-25 00:08:32,linda.miller17@mail.com,312-519-5125,2020-10-10 16:48:06,203 Oak St,Phoenix,AZ,44847
18,Jessica,Davis,Male,1973-11-27 22:13:41,jane.rodriguez18@mail.com,628-343-4187,2021-05-22 12:10:29,9426 Oak St,San Antonio,AZ,48621
19,Sarah,Smith,Male,1987-10-11 20:00:58,linda.smith19@mail.com,404-325-3945,2020-05-25 05:30:40,1750 Pine St,New York,CA,62724
20,Jane,Jones,Female,1963-01-20 01:53:38,linda.smith20@mail.com,560-453-9456,2020-09-09 01:36:11,3903 Elm St,San Antonio,NY,79867
21,Michael,Jones,Female,1991-01-24 07:41:45,alex.garcia21@mail.com,806-428-5950,2018-01-04 04:27:17,6595 Elm St,San Antonio,TX,44783
22,John,Martinez,Female,1971-06-18 20:39:32,alex.williams22@mail.com,879-369-4003,2017-01-05 11:20:26,2072 Maple St,Philadelphia,TX,84655
23,Linda,Brown,Male,1989-04-06 14:54:24,emily.davis23@mail.com,151-770-3879,2022-11-28 19:19:23,2511 Elm St,Los Angeles,CA,70193
24,Sarah,Miller,Male,1973-04-22 18:25:29,jessica.miller24@mail.com,580-709-1376,2021-03-19 13:16:25,3505 Maple St,Los Angeles,IL,60473
25,William,Davis,Female,1973-03-23 22:54:46,john.martinez25@mail.com,647-514-2268,2015-02-08 20:37:41,5392 Pine St,Houston,TX,77007
26,John,Rodriguez,Male,1990-06-05 18:52:51,emily.miller26@mail.com,176-688-3530,2019-12-13 12:04:57,1293 Oak St,Houston,PA,93966
27,Linda,Smith,Male,1972-10-28 16:39:44,sarah.davis27@mail.com,386-731-1631,2021-02-17 14:58:37,5463 Elm St,Philadelphia,TX,55641
28,Alex,Miller,Female,1986-03-07 07:13:42,emily.williams28@mail.com,490-228-8752,2015-04-25 19:18:24,9451 Oak St,Houston,TX,17820
29,Robert,Davis,Male,1998-03-20 23:30:29,linda.davis29@mail.com,793-512-6216,2020-01-22 04:49:56,5906 Pine St,Los Angeles,AZ,87029
30,Emily,Williams,Male,1998-01-09 17:07:04,john.garcia30@mail.com,653-114-9137,2016-06-22 10:17:05,1606 Elm St,San Antonio,TX,76406
31,William,Garcia,Female,1983-03-17 23:41:26,jessica.williams31@mail.com,989-670-9683,2021-02-18 10:29:58,2113 Pine St,Chicago,PA,74962
32,Alex,Jones,Male,1992-07-24 09:36:39,jessica.rodriguez32@mail.com,205-979-9257,2021-02-07 15:34:02,3981 Maple St,Phoenix,PA,60510
33,Michael,Rodriguez,Male,1970-12-27 12:42:08,john.jones33@mail.com,535-194-2423,2021-10-23 10:24:03,5863 Pine St,Chicago,NY,64309
34,Alex,Jones,Female,1981-10-08 09:55:44,jane.williams34@mail.com,869-802-7565,2015-07-10 17:08:42,5623 Maple St,Chicago,TX,56547
35,Robert,Rodriguez,Male,1995-09-13 02:42:35,michael.brown35@mail.com,742-871-2583,2020-07-25 07:10:14,8935 Elm St,Los Angeles,AZ,44240
36,Michael,Martinez,Male,1990-06-17 12:48:50,jessica.brown36@mail.com,621-431-5549,2015-05-19 13:07:30,1324 Elm St,Chicago,TX,91132
37,William,Brown,Female,1960-05-18 17:09:47,linda.garcia37@mail.com,273-283-7921,2021-01-07 13:42:55,5085 Pine St,Philadelphia,IL,70488
38,Robert,Rodriguez,Female,1961-01-14 21:01:30,emily.jones38@mail.com,217-188-6319,2018-01-17 00:14:11,1582 Pine St,New York,IL,22901
39,Jane,Jones,Female,1980-01-08 17:03:41,john.johnson39@mail.com,406-663-1453,2020-10-30 10:48:14,933 Pine St,Houston,AZ,99969
40,Emily,Martinez,Male,1983-03-30 01:32:17,jessica.davis40@mail.com,482-157-9352,2021-02-14 06:42:43,5007 Elm St,New York,NY,48570
41,William,Rodriguez,Female,1971-04-21 17:29:24,sarah.smith41@mail.com,720-532-8251,2017-03-06 08:04:09,9904 Oak St,San Antonio,NY,90427
42,Jane,Williams,Male,1967-09-06 14:30:14,robert.martinez42@mail.com,153-892-2035,2015-06-10 04:18:03,3201 Elm St,Phoenix,PA,17883
43,Linda,Brown,Female,1991-01-04 11:36:29,emily.martinez43@mail.com,216-793-6304,2016-09-27 08:54:01,4339 Main St,Houston,PA,90946
44,William,Rodriguez,Male,1997-04-21 22:01:27,robert.johnson44@mail.com,322-448-7563,2021-10-17 12:14:13,820 Maple St,Chicago,CA,80497
45,Linda,Martinez,Female,1967-08-22 11:51:48,alex.williams45@mail.com,255-337-3793,2018-02-21 11:42:52,7429 Oak St,Phoenix,AZ,39672
46,Michael,Miller,Female,1996-11-13 07:01:11,jessica.martinez46@mail.com,903-126-5756,2019-03-19 18:46:31,2999 Elm St,Houston,TX,16480
47,Jane,Johnson,Female,1975-11-15 12:17:35,sarah.smith47@mail.com,504-604-9182,2017-02-26 21:27:36,4066 Elm St,Philadelphia,TX,50312
48,Emily,Davis,Female,1995-07-23 06:37:12,alex.miller48@mail.com,193-864-2827,2021-05-18 07:18:42,7888 Elm St,Philadelphia,AZ,92898
49,Robert,Johnson,Male,1978-05-12 05:06:37,robert.williams49@mail.com,963-911-7277,2017-01-03 05:23:05,1168 Pine St,Philadelphia,CA,43742
50,Jessica,Johnson,Female,1997-11-12 17:48:32,linda.rodriguez50@mail.com,356-360-2770,2020-05-19 00:57:55,2542 Pine St,Philadelphia,PA,81371
51,Alex,Smith,Female,1961-12-20 07:29:46,john.davis51@mail.com,736-765-4988,2022-09-01 17:53:48,9972 Main St,Chicago,AZ,87269
52,John,Williams,Male,1961-08-11 02:08:15,jessica.miller52@mail.com,383-371-8182,2016-04-16 22:09:56,1885 Elm St,New York,AZ,65399
53,Emily,Miller,Female,1993-01-24 03:15:31,alex.smith53@mail.com,461-822-4155,2018-02-02 10:33:46,5680 Elm St,Houston,PA,40803
54,Jane,Garcia,Male,1977-09-18 15:41:47,robert.martinez54@mail.com,639-692-2003,2017-12-31 09:19:36,5913 Pine St,Chicago,CA,39235
55,Jessica,Rodriguez,Female,1980-11-27 18:59:33,alex.williams55@mail.com,301-120-2268,2019-11-18 06:08:23,6330 Maple St,Philadelphia,PA,60640
56,Emily,Davis,Female,1965-03-07 11:08:32,linda.garcia56@mail.com,562-509-8894,2017-08-25 06:07:22,3218 Maple St,San Antonio,NY,80665
57,Jane,Brown,Female,1975-06-11 03:42:20,william.johnson57@mail.com,741-741-1526,2021-05-20 03:03:42,5681 Pine St,New York,TX,88194
58,Sarah,Miller,Male,1988-02-14 07:10:03,jane.brown58@mail.com,900-101-2029,2017-05-15 09:57:04,9422 Oak St,San Antonio,PA,87326
59,Sarah,Jones,Female,1981-02-25 03:52:48,robert.rodriguez59@mail.com,845-866-6382,2021-08-07 08:06:44,185 Pine St,Phoenix,CA,24559
60,Linda,Garcia,Female,1973-02-01 13:43:23,jessica.martinez60@mail.com,732-600-1976,2016-06-18 01:41:15,7346 Main St,San Antonio,IL,47589
61,Emily,Smith,Female,1985-02-10 19:21:47,linda.brown61@mail.com,434-526-6809,2022-08-08 04:26:31,8030 Main St,Phoenix,NY,83248
62,Sarah,Smith,Male,1993-09-18 14:36:46,emily.garcia62@mail.com,122-707-5449,2021-10-24 07:08:19,6069 Oak St,Phoenix,IL,45381
63,Jane,Miller,Male,1974-07-05 15:50:48,jane.johnson63@mail.com,683-850-9883,2019-01-25 16:29:27,7343 Oak St,Philadelphia,TX,25116
64,Linda,Martinez,Female,1973-12-26 18:08:19,jessica.jones64@mail.com,995-212-8133,2017-01-26 06:23:18,4797 Maple St,Phoenix,PA,31985
65,Jane,Johnson,Male,1975-06-02 21:22:04,michael.jones65@mail.com,821-191-6621,2020-02-23 03:17:46,8873 Elm St,Los Angeles,NY,50047
66,Linda,Jones,Female,1966-10-01 23:43:38,jane.garcia66@mail.com,711-911-9012,2018-06-26 08:34:34,8530 Main St,Houston,TX,12248
67,Emily,Smith,Female,1989-05-29 23:52:50,jessica.brown67@mail.com,375-377-6273,2021-02-05 23:52:44,1625 Maple St,Houston,PA,34004
68,Jessica,Davis,Female,1974-10-21 22:51:59,jane.garcia68@mail.com,150-529-9069,2020-05-26 12:05:55,6423 Main St,Philadelphia,TX,93329
69,Robert,Smith,Female,1998-09-18 11:17:30,jessica.brown69@mail.com,171-402-1890,2018-01-19 11:56:10,1570 Oak St,Los Angeles,AZ,79514
70,William,Brown,Female,1983-11-10 04:53:53,alex.johnson70@mail.com,486-649-4925,2022-07-20 20:49:59,5787 Elm St,San Antonio,IL,79390
71,Jessica,Rodriguez,Female,1996-09-11 00:17:00,alex.jones71@mail.com,134-406-8820,2016-05-27 21:56:46,1269 Main St,Chicago,NY,49710
72,Michael,Smith,Female,1984-02-08 21:51:26,sarah.jones72@mail.com,783-825-5311,2018-02-21 02:57:18,8146 Pine St,San Antonio,TX,34254
73,Jane,Brown,Male,1985-03-18 02:02:11,robert.brown73@mail.com,518-412-5135,2016-10-12 03:26:00,5032 Elm St,Chicago,CA,16601
74,Michael,Miller,Male,1978-09-20 05:32:21,william.williams74@mail.com,916-122-5640,2021-08-21 00:34:42,1407 Main St,Phoenix,TX,33616
75,Jessica,Miller,Male,1994-05-13 07:19:51,john.martinez75@mail.com,197-790-5755,2019-09-05 20:33:06,9780 Maple St,New York,CA,37805
76,Linda,Garcia,Male,1977-12-07 05:58:48,linda.miller76@mail.com,528-578-2560,2017-06-24 20:52:24,2114 Main St,Chicago,PA,19479
77,William,Smith,Male,1962-04-23 15:55:34,alex.garcia77@mail.com,374-877-8428,2018-08-15 03:14:31,7014 Oak St,New York,NY,47117
78,William,Davis,Male,1971-01-10 22:31:54,michael.johnson78@mail.com,776-169-3658,2018-12-25 18:30:58,8937 Maple St,Houston,TX,48373
79,John,Smith,Male,1982-11-09 13:36:08,alex.williams79@mail.com,121-494-1060,2017-09-29 08:09:26,2997 Pine St,New York,TX,24318
80,William,Davis,Female,1995-06-26 03:31:42,john.miller80@mail.com,605-134-1811,2017-02-04 07:55:24,2315 Oak St,Houston,TX,85427
81,Robert,Williams,Female,1992-03-16 00:20:16,jane.brown81@mail.com,126-670-1101,2022-10-20 06:11:59,5128 Main St,Los Angeles,TX,68670
82,William,Garcia,Female,1969-05-24 04:22:08,jessica.jones82@mail.com,265-183-5477,2015-08-28 11:38:34,2747 Pine St,Los Angeles,NY,46120
83,Jessica,Williams,Female,1960-11-29 06:22:18,linda.miller83@mail.com,452-455-3484,2021-10-18 10:31:23,4834 Elm St,Philadelphia,TX,74032
84,John,Smith,Male,1990-08-30 08:33:37,sarah.miller84@mail.com,717-522-5504,2015-09-19 04:32:15,3391 Maple St,Philadelphia,CA,96211
85,Jessica,Garcia,Male,1965-08-26 09:49:43,emily.garcia85@mail.com,929-351-5769,2019-09-26 10:02:24,5161 Main St,Phoenix,TX,17976
86,Jessica,Williams,Female,1974-11-19 17:16:38,william.rodriguez86@mail.com,355-702-9719,2020-06-15 14:55:11,1899 Pine St,Chicago,IL,52856
87,Alex,Johnson,Female,1972-07-14 11:19:16,robert.williams87@mail.com,291-285-3647,2017-09-17 14:04:33,7255 Oak St,Phoenix,PA,37730
88,John,Smith,Male,1989-02-16 12:47:23,john.brown88@mail.com,694-325-1625,2017-02-21 02:21:23,1075 Oak St,Houston,AZ,54416
89,Jessica,Williams,Female,1982-02-11 18:32:09,john.jones89@mail.com,252-251-3994,2016-10-10 04:45:12,832 Pine St,Phoenix,CA,82876
90,Alex,Johnson,Female,1982-05-05 21:17:31,robert.smith90@mail.com,559-323-3342,2015-09-02 01:37:27,570 Elm St,New York,IL,67009
91,Alex,Johnson,Female,1987-09-21 14:51:53,linda.johnson91@mail.com,178-578-8949,2022-04-10 18:14:58,45 Oak St,Houston,TX,46125
92,John,Miller,Female,1974-05-09 00:02:25,jane.miller92@mail.com,578-722-7388,2019-09-28 13:03:59,7775 Oak St,Philadelphia,PA,58408
93,Michael,Smith,Male,1968-05-14 10:26:04,robert.miller93@mail.com,766-836-5294,2021-11-14 17:39:50,1166 Oak St,Los Angeles,NY,53266
94,Linda,Johnson,Female,1987-11-23 20:40:17,sarah.jones94@mail.com,441-126-7774,2019-03-17 16:00:06,7925 Maple St,Philadelphia,CA,40031
95,Robert,Miller,Female,1997-11-27 23:47:06,michael.garcia95@mail.com,622-826-6313,2018-11-13 05:45:55,9436 Main St,Chicago,AZ,53958
96,Linda,Williams,Male,1961-10-02 02:56:46,jane.rodriguez96@mail.com,233-978-2902,2015-07-25 17:48:32,3434 Main St,Houston,PA,35737
97,William,Brown,Male,1962-12-26 20:18:04,john.smith97@mail.com,173-514-6559,2018-04-13 09:41:15,1264 Main St,Houston,TX,72684
98,Robert,Smith,Female,1978-01-29 10:45:15,robert.rodriguez98@mail.com,411-245-4205,2019-08-29 16:16:49,7081 Main St,New York,AZ,34145
99,William,Garcia,Male,1973-05-26 12:41:49,linda.miller99@mail.com,744-807-7615,2019-12-31 03:28:56,3887 Maple St,Chicago,NY,44029
100,Jessica,Davis,Female,1973-11-20 15:38:33,emily.jones100@mail.com,798-592-1351,2016-07-14 22:06:45,956 Elm St,Los Angeles,NY,41002
101,Jane,Davis,Female,1990-09-24 14:43:48,linda.davis101@mail.com,719-636-4755,2019-06-04 23:14:08,7785 Main St,San Antonio,TX,91305
102,John,Williams,Male,1998-02-16 23:44:56,linda.brown102@mail.com,149-447-4609,2017-01-22 01:35:09,2888 Main St,Houston,CA,29395
103,Robert,Martinez,Female,1983-05-03 16:08:03,michael.smith103@mail.com,515-408-1806,2020-09-07 15:45:48,407 Main St,Houston,TX,47496
104,Robert,Martinez,Female,1983-02-28 20:34:24,jane.garcia104@mail.com,210-235-8717,2016-08-15 01:23:51,345 Elm St,New York,TX,94409
105,Jessica,Williams,Female,1976-05-07 22:24:23,jessica.rodriguez105@mail.com,370-703-9214,2019-10-02 14:51:48,835 Main St,Phoenix,NY,86057
106,Michael,Johnson,Female,1984-11-14 02:56:11,robert.brown106@mail.com,536-607-2321,2016-06-09 03:36:32,9064 Maple St,Los Angeles,PA,57745
107,Alex,Smith,Male,1965-03-03 23:03:15,sarah.smith107@mail.com,830-776-9540,2021-06-04 22:10:24,6951 Main St,Philadelphia,TX,50990
108,Jessica,Davis,Male,1989-11-16 17:06:14,alex.miller108@mail.com,340-516-9768,2015-05-24 13:45:21,6904 Elm St,Chicago,IL,35575
109,Sarah,Davis,Female,1985-03-02 14:48:41,alex.rodriguez109@mail.com,191-908-6556,2016-01-24 11:53:18,7621 Maple St,Houston,AZ,98985
110,Alex,Johnson,Male,1989-03-07 04:01:02,jane.davis110@mail.com,199-178-4514,2020-11-01 08:22:38,2317 Maple St,Houston,TX,44044
111,John,Davis,Female,1965-10-08 09:37:41,william.miller111@mail.com,955-161-2321,2021-04-04 15:18:55,3795 Pine St,Philadelphia,AZ,39518
112,Alex,Garcia,Female,1978-02-03 05:23:28,jessica.williams112@mail.com,812-801-3722,2020-07-23 21:23:39,5359 Pine St,Los Angeles,TX,14984
113,Michael,Smith,Female,1991-01-18 23:21:50,linda.williams113@mail.com,132-694-1903,2019-09-06 17:30:04,238 Maple St,Phoenix,TX,13390
114,Alex,Rodriguez,Female,1990-07-14 12:03:22,jessica.martinez114@mail.com,914-343-4731,2016-04-13 18:23:02,5485 Pine St,Houston,TX,21616
115,John,Davis,Female,1984-09-15 15:35:18,robert.garcia115@mail.com,638-518-5454,2020-05-01 05:37:49,3682 Oak St,Los Angeles,IL,22816
116,Michael,Williams,Male,1978-03-22 17:16:17,michael.williams116@mail.com,760-967-9407,2019-03-19 08:58:52,869 Main St,Philadelphia,NY,19619
117,Linda,Garcia,Female,1984-02-24 03:20:00,robert.miller117@mail.com,568-359-4595,2015-09-26 23:48:26,3911 Maple St,New York,IL,89218
118,Robert,Davis,Male,1976-12-12 03:51:18,michael.davis118@mail.com,533-573-2441,2020-09-09 18:02:02,2654 Maple St,Phoenix,NY,34986
119,Robert,Garcia,Male,1988-08-03 11:21:52,john.johnson119@mail.com,897-945-8368,2019-10-12 01:08:27,5793 Pine St,Chicago,TX,25853
120,William,Miller,Female,1980-08-31 11:54:02,sarah.garcia120@mail.com,742-603-1456,2018-02-16 22:14:08,8544 Maple St,Houston,NY,38467
121,Linda,Rodriguez,Female,1986-12-17 04:38:05,jessica.brown121@mail.com,729-390-3231,2016-11-11 07:40:33,8451 Pine St,Los Angeles,AZ,13899
122,Linda,Jones,Female,1978-04-30 20:32:04,linda.rodriguez122@mail.com,292-944-6339,2017-12-29 12:03:09,9812 Elm St,New York,PA,58801
123,Alex,Williams,Female,1962-10-24 23:13:06,jane.davis123@mail.com,476-629-6304,2022-05-27 15:36:37,6498 Pine St,Chicago,IL,55757
124,Robert,Williams,Female,1998-07-04 07:31:00,linda.rodriguez124@mail.com,590-401-2559,2022-09-20 16:02:44,4924 Pine St,San Antonio,TX,21319
125,John,Smith,Male,1985-11-27 20:35:41,jessica.martinez125@mail.com,350-122-5814,2018-12-29 20:52:31,3068 Pine St,Los Angeles,IL,82497
126,Emily,Garcia,Female,1989-06-24 05:07:05,michael.jones126@mail.com,889-241-4820,2021-10-21 06:19:23,9579 Oak St,Los Angeles,AZ,79834
127,Emily,Johnson,Female,1989-02-27 18:48:36,michael.smith127@mail.com,141-912-7458,2021-11-18 05:36:58,9676 Pine St,Chicago,NY,62067
128,Michael,Williams,Male,1963-05-01 01:05:06,emily.miller128@mail.com,544-384-6514,2017-02-19 18:22:44,2379 Elm St,New York,AZ,99264
129,Robert,Garcia,Male,1993-08-12 21:17:39,john.garcia129@mail.com,647-382-1926,2022-04-15 00:38:09,6124 Pine St,San Antonio,CA,23409
130,Robert,Garcia,Female,1982-07-06 05:30:13,emily.miller130@mail.com,392-200-8281,2015-12-24 22:10:16,3994 Maple St,Philadelphia,CA,94072
131,Emily,Brown,Male,1973-12-03 16:41:07,emily.garcia131@mail.com,442-727-7605,2020-07-13 20:21:31,3858 Elm St,New York,TX,74924
132,Robert,Brown,Female,1993-10-26 08:11:12,sarah.jones132@mail.com,732-740-5237,2019-03-19 05:58:49,6924 Oak St,Phoenix,AZ,95036
133,Alex,Jones,Male,1997-02-05 18:26:00,sarah.martinez133@mail.com,924-800-7391,2019-09-13 14:21:15,5180 Main St,Houston,TX,20241
134,Sarah,Miller,Male,1996-12-11 11:58:15,robert.rodriguez134@mail.com,565-638-9589,2015-04-06 20:01:18,7825 Elm St,Chicago,TX,89290
135,Jane,Jones,Female,1999-04-23 21:37:52,emily.miller135@mail.com,362-629-5221,2016-04-02 23:25:05,5282 Pine St,Philadelphia,TX,71783
136,Linda,Davis,Male,1965-04-28 02:30:59,linda.rodriguez136@mail.com,125-707-1108,2015-01-19 12:21:52,9322 Pine St,San Antonio,TX,82175
137,William,Johnson,Male,1980-06-18 21:53:55,jane.jones137@mail.com,832-674-9111,2015-01-27 05:04:16,4261 Main St,Chicago,CA,35203
138,Michael,Davis,Male,1977-12-25 10:54:48,john.martinez138@mail.com,778-350-9654,2019-06-07 00:59:18,8851 Pine St,Chicago,TX,35074
139,Sarah,Martinez,Male,1961-09-23 01:11:18,john.miller139@mail.com,510-200-7829,2017-12-14 05:40:14,6765 Elm St,New York,CA,83057
140,Emily,Davis,Male,1978-11-27 15:23:31,jane.smith140@mail.com,932-583-7334,2016-08-19 00:18:54,9111 Maple St,Houston,NY,62884
141,Linda,Smith,Male,1976-06-12 06:32:40,jessica.smith141@mail.com,566-916-2910,2017-07-13 05:20:15,1461 Elm St,Phoenix,TX,12987
142,Robert,Davis,Female,1987-04-14 16:19:47,alex.johnson142@mail.com,767-578-1818,2018-12-03 22:17:40,6277 Main St,Los Angeles,AZ,20276
143,William,Jones,Female,1977-06-27 03:12:19,william.brown143@mail.com,103-492-2892,2020-05-16 20:05:18,9468 Pine St,Los Angeles,TX,16922
144,Robert,Williams,Male,1987-08-31 06:49:31,jessica.johnson144@mail.com,379-565-2752,2015-11-14 10:25:36,6873 Main St,Chicago,CA,94062
145,John,Williams,Female,1974-10-09 10:59:50,alex.williams145@mail.com,659-525-9035,2016-04-24 17:36:38,8587 Oak St,Houston,IL,62566
146,John,Brown,Female,1995-11-28 22:28:19,linda.miller146@mail.com,851-834-6529,2016-10-19 08:06:42,2926 Maple St,San Antonio,TX,26412
147,William,Johnson,Female,1992-06-13 10:50:56,alex.davis147@mail.com,128-135-5801,2020-07-08 01:10:27,6174 Maple St,San Antonio,TX,36974
148,William,Johnson,Male,1971-12-13 06:27:26,william.miller148@mail.com,990-347-5933,2017-06-25 03:54:03,809 Maple St,Philadelphia,PA,90608
149,Emily,Smith,Female,1981-09-01 10:49:05,michael.davis149@mail.com,991-808-3312,2021-02-04 16:06:52,5020 Oak St,New York,NY,79297
150,William,Jones,Male,1965-09-28 17:02:18,alex.williams150@mail.com,682-950-6019,2018-06-27 06:03:31,8622 Main St,Houston,NY,40012
151,Alex,Brown,Female,1988-09-07 13:48:22,alex.miller151@mail.com,609-227-4381,2016-06-30 06:38:25,4809 Oak St,Houston,IL,17981
152,Robert,Martinez,Male,1964-05-22 17:03:40,emily.jones152@mail.com,438-234-9178,2019-08-10 03:32:00,8989 Oak St,New York,CA,56668
153,Sarah,Johnson,Male,1999-07-12 03:03:20,jessica.brown153@mail.com,348-589-1862,2015-08-26 01:24:14,5356 Main St,San Antonio,TX,85213
154,Jessica,Williams,Female,1971-02-05 15:02:11,emily.rodriguez154@mail.com,194-188-1474,2021-01-05 03:31:36,1419 Maple St,San Antonio,TX,68986
155,William,Davis,Female,1967-01-14 06:11:24,linda.williams155@mail.com,631-668-7477,2021-02-13 03:13:54,4707 Maple St,San Antonio,CA,69937
156,Michael,Davis,Male,1983-02-05 10:03:15,linda.miller156@mail.com,896-482-9990,2021-03-16 18:55:20,6818 Elm St,Chicago,NY,80389
157,John,Brown,Female,1997-08-10 04:55:37,william.miller157@mail.com,225-381-9656,2016-12-09 00:33:34,1489 Maple St,Houston,CA,62359
158,Alex,Jones,Female,1963-07-10 17:12:10,robert.rodriguez158@mail.com,824-383-3901,2019-11-06 07:45:46,5348 Main St,Los Angeles,NY,32342
159,Linda,Jones,Female,1994-06-27 22:04:01,linda.johnson159@mail.com,374-631-3792,2015-07-18 01:49:34,8340 Pine St,New York,CA,43942
160,Jessica,Miller,Male,1978-09-30 03:00:58,robert.brown160@mail.com,786-926-3649,2018-07-18 21:20:25,3490 Main St,San Antonio,IL,77093
161,Sarah,Rodriguez,Male,1964-04-03 10:20:37,emily.johnson161@mail.com,456-897-6002,2020-07-26 05:55:51,8169 Main St,Philadelphia,AZ,89444
162,Jessica,Johnson,Female,1960-06-28 11:50:38,michael.jones162@mail.com,864-192-1759,2017-08-02 17:31:12,8690 Oak St,San Antonio,IL,63230
163,William,Jones,Female,1965-08-06 12:33:14,michael.miller163@mail.com,273-310-4466,2022-07-03 02:01:28,1356 Main St,San Antonio,IL,79092
164,Emily,Williams,Female,1966-10-16 09:17:03,jane.martinez164@mail.com,605-300-6210,2019-10-10 19:46:42,9435 Pine St,Phoenix,AZ,77343
165,John,Brown,Male,1968-11-07 19:25:57,michael.jones165@mail.com,698-707-5864,2017-09-02 19:37:54,8405 Elm St,Chicago,AZ,14284
166,John,Martinez,Male,1970-07-22 15:15:02,linda.jones166@mail.com,312-496-4290,2018-05-20 08:20:38,7160 Maple St,New York,TX,63996
167,Linda,Miller,Female,1995-01-10 23:13:13,michael.johnson167@mail.com,915-793-4654,2019-08-16 21:41:22,1140 Oak St,Phoenix,TX,96057
168,Emily,Garcia,Female,1975-06-13 20:03:20,robert.davis168@mail.com,597-187-5712,2020-08-24 15:28:32,6573 Elm St,Phoenix,TX,23405
169,Robert,Smith,Female,1988-02-29 20:57:52,jessica.garcia169@mail.com,830-834-1529,2016-10-07 10:47:01,9657 Oak St,Philadelphia,TX,41058
170,Jane,Martinez,Female,1978-08-25 11:42:29,john.garcia170@mail.com,659-743-2709,2016-01-04 06:56:42,1180 Main St,Houston,IL,67754
171,Alex,Garcia,Female,1998-09-10 23:46:15,linda.smith171@mail.com,173-565-3154,2021-09-18 01:53:03,9331 Maple St,Philadelphia,IL,62584
172,John,Davis,Female,1971-10-07 04:58:54,alex.jones172@mail.com,935-339-2370,2015-03-13 10:48:46,2911 Oak St,Houston,NY,71803
173,Michael,Smith,Male,1975-09-25 05:05:23,william.davis173@mail.com,602-755-8818,2015-08-10 03:08:26,626 Main St,Houston,NY,90735
174,John,Johnson,Female,1982-07-07 04:16:25,william.smith174@mail.com,998-422-8031,2019-09-11 21:43:57,7009 Maple St,New York,TX,99197
175,Jessica,Williams,Male,1979-01-14 22:49:13,jessica.brown175@mail.com,492-577-3887,2020-02-10 20:01:51,4640 Oak St,San Antonio,TX,79817
176,John,Smith,Female,1969-01-29 09:24:36,john.garcia176@mail.com,407-847-1255,2022-11-23 13:47:21,2531 Oak St,New York,PA,10074
177,John,Rodriguez,Female,1969-06-09 06:17:27,emily.martinez177@mail.com,221-586-3419,2018-05-31 17:56:03,6283 Oak St,Chicago,PA,13888
178,Jane,Garcia,Male,1965-04-25 19:23:57,jessica.martinez178@mail.com,394-326-5521,2022-02-15 08:28:13,9214 Maple St,Houston,TX,14209
179,Jane,Johnson,Male,1994-07-08 22:19:48,jane.miller179@mail.com,803-607-8855,2017-11-25 09:08:34,7353 Main St,Phoenix,NY,86904
180,Sarah,Rodriguez,Male,1975-09-24 17:16:18,robert.brown180@mail.com,182-527-4840,2021-11-16 08:16:33,8884 Elm St,San Antonio,TX,34943
181,Robert,Davis,Male,1990-09-20 04:24:24,sarah.martinez181@mail.com,705-587-9760,2020-05-07 08:46:41,8206 Pine St,Los Angeles,TX,69399
182,Michael,Rodriguez,Female,1991-11-13 02:20:20,william.williams182@mail.com,272-407-2450,2015-02-26 05:47:53,909 Main St,Chicago,NY,69672
183,John,Miller,Male,1965-07-31 06:59:28,william.johnson183@mail.com,391-354-7098,2015-08-08 05:21:22,6654 Maple St,New York,PA,12069
184,John,Miller,Female,1975-08-12 17:57:10,john.johnson184@mail.com,736-700-3895,2020-10-19 09:00:47,2424 Maple St,Philadelphia,CA,35982
185,Alex,Brown,Male,1976-06-03 08:21:37,emily.brown185@mail.com,183-379-1101,2017-02-01 09:56:32,92 Oak St,Chicago,CA,33411
186,Jane,Martinez,Female,1969-12-18 16:21:24,michael.martinez186@mail.com,302-950-6801,2021-08-26 06:05:40,4826 Pine St,Chicago,NY,77047
187,Michael,Martinez,Female,1996-09-08 10:35:51,linda.miller187@mail.com,786-149-3264,2017-09-03 22:21:45,6921 Maple St,San Antonio,CA,87642
188,Linda,Johnson,Female,1973-07-01 08:11:18,michael.miller188@mail.com,363-927-6416,2021-09-19 16:52:31,8893 Pine St,Chicago,AZ,43838
189,Sarah,Davis,Female,1989-09-29 20:01:52,michael.smith189@mail.com,884-100-8996,2018-11-21 13:40:28,1779 Oak St,Chicago,TX,33404
190,Robert,Jones,Female,1972-11-02 15:06:41,sarah.smith190@mail.com,970-376-6307,2018-11-24 17:53:56,5332 Maple St,Los Angeles,TX,77716
191,Emily,Miller,Female,1994-04-26 10:48:47,jane.brown191@mail.com,916-795-3475,2016-02-25 07:29:46,7747 Main St,Philadelphia,NY,27377
192,Robert,Johnson,Male,1961-01-11 20:05:07,jane.jones192@mail.com,278-361-3063,2015-09-18 04:03:11,234 Maple St,Philadelphia,IL,29474
193,Jessica,Jones,Female,1985-12-31 07:16:19,robert.johnson193@mail.com,431-436-3546,2019-03-15 21:21:50,7572 Maple St,Philadelphia,PA,32132
194,John,Martinez,Male,1993-12-08 18:49:56,michael.johnson194@mail.com,828-346-1093,2016-12-14 09:49:17,2732 Elm St,Houston,NY,45147
195,Sarah,Brown,Male,1978-09-15 10:08:29,emily.brown195@mail.com,705-617-9141,2016-04-28 10:41:17,3764 Maple St,Phoenix,CA,82118
196,Jessica,Rodriguez,Female,1967-10-10 15:34:38,emily.jones196@mail.com,902-970-1350,2021-01-08 04:21:07,775 Oak St,Philadelphia,PA,29451
197,Michael,Miller,Male,1989-11-27 00:18:28,michael.jones197@mail.com,710-460-6486,2017-06-26 13:14:49,5527 Oak St,Chicago,IL,56182
198,Emily,Johnson,Female,1985-05-20 03:53:15,emily.jones198@mail.com,132-118-5276,2019-12-19 14:41:06,4940 Pine St,Chicago,CA,48754
199,Jane,Smith,Male,1974-12-27 15:03:27,john.smith199@mail.com,200-651-4403,2016-02-15 14:30:21,599 Oak St,Philadelphia,TX,63695
200,Sarah,Jones,Female,1982-10-03 13:13:49,linda.brown200@mail.com,695-246-7378,2015-07-19 16:58:08,8826 Main St,San Antonio,AZ,14881
201,Sarah,Rodriguez,Male,1967-04-18 10:17:40,john.miller201@mail.com,174-857-7615,2017-09-25 16:17:54,6067 Maple St,Philadelphia,CA,80507
202,John,Miller,Female,1971-06-19 08:38:43,jane.williams202@mail.com,646-463-1200,2022-03-05 02:49:57,7026 Oak St,Chicago,AZ,41722
203,William,Martinez,Female,1994-04-22 22:03:16,john.jones203@mail.com,836-481-6516,2021-05-11 13:42:56,693 Pine St,Houston,PA,59898
204,Sarah,Davis,Female,1981-01-18 10:53:51,sarah.miller204@mail.com,556-615-4569,2019-09-04 07:58:42,2315 Oak St,New York,AZ,12534
205,Alex,Jones,Female,1960-04-26 17:13:05,jane.smith205@mail.com,851-709-4789,2019-02-15 14:51:03,1882 Pine St,New York,PA,44256
206,Emily,Martinez,Male,1961-10-03 02:04:20,alex.smith206@mail.com,951-556-9559,2017-07-07 17:33:59,7558 Pine St,Philadelphia,PA,88008
207,Emily,Miller,Female,1966-12-30 02:07:55,alex.williams207@mail.com,128-458-6653,2020-12-12 00:08:21,4942 Main St,Los Angeles,PA,15235
208,Alex,Jones,Male,1970-06-19 00:24:20,linda.martinez208@mail.com,104-838-8955,2015-04-30 02:24:03,9995 Elm St,Philadelphia,PA,76613
209,Linda,Rodriguez,Male,1985-05-26 21:20:46,alex.martinez209@mail.com,633-151-8558,2019-04-24 21:01:51,9525 Elm St,San Antonio,PA,17657
210,Alex,Miller,Male,1980-05-26 15:23:45,robert.davis210@mail.com,804-697-8328,2019-01-08 12:36:11,6047 Maple St,Philadelphia,CA,50748
211,Alex,Garcia,Female,1987-06-04 11:42:42,michael.garcia211@mail.com,435-306-2260,2017-09-23 22:24:53,8549 Elm St,New York,PA,59505
212,Emily,Johnson,Male,1979-07-17 15:53:58,michael.jones212@mail.com,909-471-9414,2015-10-14 04:26:45,143 Pine St,Chicago,CA,27848
213,Robert,Rodriguez,Male,1961-11-27 09:14:23,emily.williams213@mail.com,877-698-4521,2016-11-10 06:09:46,806 Maple St,Philadelphia,PA,33974
214,Emily,Jones,Male,1970-03-10 22:36:01,emily.rodriguez214@mail.com,392-844-8067,2019-01-22 21:07:23,9416 Pine St,Chicago,AZ,44111
215,William,Davis,Female,1989-05-25 00:54:31,emily.garcia215@mail.com,117-253-1315,2019-08-03 01:14:01,3773 Elm St,Chicago,TX,62971
216,John,Martinez,Female,1976-02-07 03:11:58,linda.miller216@mail.com,517-850-6178,2022-01-25 16:31:43,2736 Elm St,Los Angeles,PA,61544
217,Jessica,Smith,Male,1980-05-13 10:18:58,emily.brown217@mail.com,232-158-4310,2019-12-07 18:13:23,8596 Maple St,Chicago,IL,69785
218,Robert,Martinez,Female,1985-06-02 03:16:24,william.garcia218@mail.com,649-820-6110,2019-12-18 09:22:50,8062 Pine St,New York,PA,26263
219,Jane,Jones,Female,1969-03-14 23:27:46,robert.rodriguez219@mail.com,756-295-5297,2015-09-28 03:07:24,2691 Maple St,Houston,PA,83719
220,Jessica,Martinez,Male,1997-05-25 21:53:02,alex.martinez220@mail.com,619-863-5381,2015-02-24 00:58:29,4713 Maple St,Houston,AZ,36815
221,John,Johnson,Male,1985-10-31 01:11:34,emily.jones221@mail.com,382-333-2102,2022-07-01 19:34:08,8044 Oak St,Phoenix,TX,55956
222,William,Miller,Female,1991-02-27 12:57:38,robert.williams222@mail.com,307-963-8670,2018-08-22 05:10:44,7149 Oak St,San Antonio,AZ,63392
223,William,Smith,Male,1975-05-20 17:02:19,jane.garcia223@mail.com,139-914-8075,2017-03-07 02:33:13,8169 Elm St,Philadelphia,IL,52266
224,Jane,Williams,Female,1964-02-17 23:31:54,robert.johnson224@mail.com,315-556-2385,2018-05-27 19:51:31,9421 Oak St,San Antonio,TX,88850
225,Robert,Jones,Female,1989-07-10 15:18:38,alex.garcia225@mail.com,450-556-9512,2015-08-13 22:22:00,6803 Elm St,New York,NY,45357
226,Linda,Brown,Female,1961-11-18 16:24:35,jessica.martinez226@mail.com,782-380-2957,2018-11-21 07:49:41,2545 Oak St,Chicago,NY,69775
227,Alex,Williams,Female,1963-06-01 06:14:59,william.rodriguez227@mail.com,131-116-1479,2022-02-26 07:13:44,4035 Main St,Houston,IL,73489
228,Robert,Martinez,Female,1969-12-28 04:41:17,robert.rodriguez228@mail.com,983-558-4199,2021-11-02 22:38:02,1337 Elm St,San Antonio,AZ,69821
229,Linda,Jones,Female,1995-09-12 06:42:45,alex.smith229@mail.com,244-992-7734,2018-07-26 10:50:48,7616 Elm St,New York,CA,87470
230,William,Garcia,Male,1989-02-03 20:09:39,jane.garcia230@mail.com,116-450-8242,2019-12-15 16:06:35,2700 Elm St,Houston,IL,68575
231,Emily,Brown,Male,1994-11-29 20:40:42,michael.rodriguez231@mail.com,934-675-1393,2017-07-02 07:29:55,8855 Elm St,Chicago,TX,15208
232,John,Smith,Female,1982-12-09 05:45:58,john.brown232@mail.com,653-451-9046,2020-11-28 06:57:58,7965 Maple St,San Antonio,TX,20019
233,Jane,Davis,Female,1968-04-08 21:08:13,jane.rodriguez233@mail.com,217-821-5317,2017-12-05 21:21:57,3400 Elm St,Houston,TX,10299
234,John,Garcia,Female,1970-01-06 06:01:22,robert.johnson234@mail.com,914-629-3188,2019-06-19 19:23:26,718 Main St,Philadelphia,PA,48158
235,Michael,Williams,Male,1970-10-13 17:14:08,john.smith235@mail.com,938-919-1143,2015-03-18 09:45:27,9039 Oak St,Philadelphia,NY,62691
236,Michael,Miller,Female,1965-10-12 22:20:24,jessica.jones236@mail.com,722-896-3156,2017-11-18 22:33:57,7301 Maple St,Phoenix,TX,78590
237,Robert,Johnson,Male,1980-07-01 10:02:43,william.davis237@mail.com,678-198-6349,2018-12-23 00:06:44,8146 Maple St,Phoenix,IL,12319
238,William,Davis,Female,1973-05-04 20:11:07,robert.williams238@mail.com,514-837-3864,2017-03-02 02:09:39,8423 Oak St,Houston,TX,72400
239,William,Garcia,Female,1960-11-21 23:52:46,jessica.smith239@mail.com,611-201-9579,2017-09-13 22:05:11,9394 Pine St,New York,IL,79332
240,Alex,Miller,Male,1998-12-02 01:44:12,william.davis240@mail.com,226-985-5377,2017-01-23 18:48:52,3116 Maple St,Philadelphia,CA,96659
241,Alex,Miller,Male,1975-12-25 05:01:09,alex.brown241@mail.com,205-320-8303,2015-12-12 15:59:46,6704 Maple St,New York,PA,45353
242,Alex,Jones,Female,1996-01-20 03:13:42,emily.johnson242@mail.com,231-353-3631,2018-11-13 15:05:32,267 Pine St,New York,NY,24542
243,Emily,Garcia,Female,1986-01-13 19:21:32,robert.garcia243@mail.com,508-868-5797,2021-02-08 12:46:39,150 Oak St,Houston,TX,19115
244,Jessica,Smith,Female,1985-04-20 00:32:10,william.smith244@mail.com,808-466-5098,2015-08-21 20:19:01,6559 Maple St,New York,IL,99317
245,Sarah,Martinez,Male,1986-06-18 23:39:42,john.garcia245@mail.com,629-947-9562,2016-01-30 21:54:46,8116 Elm St,Philadelphia,AZ,95851
246,Jessica,Brown,Male,1987-09-28 18:54:56,linda.garcia246@mail.com,406-128-6595,2017-10-04 18:47:18,7042 Pine St,Chicago,NY,93139
247,John,Brown,Male,1996-10-03 00:28:39,michael.johnson247@mail.com,616-902-8138,2015-02-11 14:34:38,1362 Oak St,Phoenix,CA,40868
248,Jessica,Williams,Male,1996-08-31 20:45:47,john.williams248@mail.com,468-694-7661,2020-10-20 11:36:29,9115 Maple St,Chicago,IL,42268
249,Emily,Williams,Male,1971-05-24 14:43:00,emily.smith249@mail.com,557-603-4195,2019-05-26 11:50:34,2248 Main St,New York,TX,75270
250,John,Brown,Male,1968-05-18 04:28:36,jane.rodriguez250@mail.com,551-359-4329,2022-06-26 07:27:13,8838 Elm St,Chicago,TX,28220
251,Jessica,Smith,Female,1960-01-15 06:06:52,john.garcia251@mail.com,998-757-8004,2022-02-05 12:33:39,3883 Maple St,Philadelphia,PA,57073
252,Emily,Johnson,Female,1982-04-12 08:18:49,robert.davis252@mail.com,478-432-3063,2015-11-16 04:53:06,3440 Oak St,Philadelphia,PA,98045
253,Sarah,Rodriguez,Male,1983-10-28 13:47:55,william.smith253@mail.com,848-745-3965,2022-02-01 05:08:54,402 Maple St,New York,CA,13773
254,Jessica,Martinez,Female,1993-11-30 08:56:51,jane.johnson254@mail.com,725-344-4820,2018-10-13 19:24:11,2767 Oak St,Houston,CA,57188
255,Emily,Johnson,Female,1969-11-08 18:53:30,john.smith255@mail.com,750-435-5803,2019-09-16 12:49:25,3378 Elm St,Chicago,PA,48844
256,Alex,Jones,Male,1991-01-17 00:30:07,michael.davis256@mail.com,673-532-6681,2021-08-03 23:55:20,7725 Oak St,Houston,TX,31856
257,William,Rodriguez,Female,1968-05-25 07:15:02,emily.johnson257@mail.com,550-489-8684,2018-07-11 12:31:56,7746 Maple St,Houston,TX,31575
258,Alex,Rodriguez,Male,1971-11-01 22:12:57,john.johnson258@mail.com,958-533-2265,2018-07-07 11:36:23,4160 Maple St,Los Angeles,IL,41072
259,William,Garcia,Male,1983-12-21 08:29:21,michael.smith259@mail.com,644-846-5467,2021-05-09 12:04:18,231 Main St,New York,AZ,58643
260,Jane,Smith,Female,1989-08-01 11:15:40,john.davis260@mail.com,150-989-8051,2019-12-29 04:18:46,2540 Main St,Phoenix,IL,62410
261,Jane,Smith,Male,1975-02-09 18:57:52,robert.davis261@mail.com,538-907-7967,2018-05-24 03:46:59,6122 Elm St,Philadelphia,AZ,80350
262,Jane,Rodriguez,Male,1970-10-28 00:50:02,william.johnson262@mail.com,590-993-7417,2020-05-22 04:07:16,6659 Main St,Philadelphia,CA,28557
263,Sarah,Garcia,Male,1969-01-18 02:37:42,jessica.garcia263@mail.com,244-395-8784,2020-11-07 08:08:37,138 Main St,New York,NY,92136
264,Alex,Martinez,Male,1997-01-10 01:46:52,william.jones264@mail.com,313-268-3597,2021-07-03 04:04:38,4675 Main St,San Antonio,IL,64918
265,William,Rodriguez,Male,1994-12-25 05:08:17,robert.miller265@mail.com,293-532-8653,2018-11-14 21:12:51,5066 Oak St,San Antonio,IL,11066
266,Emily,Davis,Male,1961-08-01 04:39:13,emily.garcia266@mail.com,193-779-8637,2016-01-16 20:53:23,8705 Oak St,San Antonio,AZ,78126
267,John,Williams,Male,1971-04-01 01:22:35,robert.williams267@mail.com,367-126-5118,2015-04-29 15:54:41,6112 Maple St,Phoenix,CA,55279
268,Emily,Williams,Male,1982-04-04 23:38:58,michael.brown268@mail.com,620-670-9035,2015-05-10 14:36:50,5680 Pine St,Philadelphia,CA,78778
269,John,Johnson,Female,1979-09-26 18:59:35,john.smith269@mail.com,156-796-1485,2015-07-01 20:41:26,2301 Elm St,New York,TX,77137
270,Michael,Jones,Female,1984-09-30 00:13:38,john.smith270@mail.com,119-395-9661,2019-03-31 05:08:19,5186 Elm St,Philadelphia,AZ,88817
271,Emily,Williams,Female,1982-09-17 00:41:22,william.rodriguez271@mail.com,454-438-3166,2021-04-23 06:38:22,1405 Main St,Houston,CA,46598
272,Jessica,Miller,Male,1974-02-21 10:54:30,john.davis272@mail.com,766-621-3930,2015-02-23 09:02:24,3903 Pine St,Chicago,PA,11133
273,Jessica,Johnson,Male,1985-04-26 22:58:33,emily.smith273@mail.com,669-776-8325,2018-12-17 15:33:57,5076 Maple St,Chicago,TX,19504
274,Robert,Williams,Female,1969-03-04 14:12:32,robert.martinez274@mail.com,416-680-5197,2020-12-19 20:44:40,2194 Maple St,Philadelphia,TX,35323
275,Alex,Jones,Female,1969-06-14 09:20:29,jane.williams275@mail.com,738-349-5038,2019-05-21 14:08:36,4150 Maple St,Los Angeles,PA,64029
276,John,Smith,Female,1960-12-22 10:13:11,alex.smith276@mail.com,419-238-8289,2020-11-22 07:34:12,7898 Main St,Phoenix,NY,96017
277,John,Smith,Male,1964-09-12 05:56:28,jane.brown277@mail.com,869-157-6641,2016-12-03 11:19:02,3496 Maple St,San Antonio,IL,60827
278,Alex,Martinez,Female,1973-11-30 02:24:43,michael.johnson278@mail.com,139-847-4548,2018-06-25 10:39:45,6233 Maple St,Phoenix,TX,45264
279,Sarah,Rodriguez,Female,1970-02-19 23:24:30,jessica.williams279@mail.com,424-581-5120,2021-10-31 15:51:43,6179 Elm St,Phoenix,NY,96712
280,Robert,Davis,Male,1992-12-06 21:00:07,william.smith280@mail.com,692-809-1959,2020-10-10 22:24:27,3967 Pine St,Houston,IL,89460
281,Sarah,Smith,Female,1991-09-25 01:05:01,michael.rodriguez281@mail.com,313-870-5640,2017-08-19 03:53:23,2736 Main St,Phoenix,TX,26010
282,Sarah,Garcia,Male,1985-03-16 04:26:42,sarah.martinez282@mail.com,110-321-9924,2016-10-28 07:00:39,7311 Elm St,Chicago,CA,86065
283,Sarah,Williams,Male,1991-07-21 20:12:19,alex.miller283@mail.com,824-390-3367,2016-10-07 09:41:35,2026 Pine St,Houston,PA,10566
284,Alex,Garcia,Male,1960-02-06 11:43:39,william.martinez284@mail.com,202-182-2634,2015-05-30 17:28:31,1666 Pine St,New York,AZ,90062
285,Sarah,Jones,Female,1961-08-27 03:44:45,alex.davis285@mail.com,954-524-2765,2018-08-11 06:53:43,7568 Elm St,Phoenix,PA,92758
286,Jessica,Smith,Female,1968-02-25 14:38:48,jane.smith286@mail.com,532-675-8355,2017-01-14 10:26:38,8936 Main St,Phoenix,TX,29775
287,Jane,Davis,Male,1979-07-27 14:29:53,michael.williams287@mail.com,731-903-9503,2019-03-04 12:57:01,2112 Elm St,New York,NY,39273
288,Michael,Jones,Female,1986-12-09 10:03:11,sarah.garcia288@mail.com,238-823-4046,2018-03-05 17:09:30,9482 Elm St,Phoenix,AZ,73492
289,John,Miller,Female,1982-09-29 16:12:21,michael.martinez289@mail.com,909-906-4055,2017-01-23 03:22:13,3080 Maple St,New York,CA,36474
290,John,Miller,Female,1989-03-25 13:27:29,john.garcia290@mail.com,293-580-9426,2019-06-17 19:23:56,344 Main St,Houston,TX,58787
291,Michael,Garcia,Female,1992-09-20 17:22:10,sarah.smith291@mail.com,506-136-1005,2018-04-25 01:36:31,9364 Maple St,Chicago,AZ,22421
292,Alex,Rodriguez,Male,1989-06-17 07:27:55,emily.garcia292@mail.com,409-836-9589,2020-02-26 10:56:52,2928 Elm St,New York,TX,62957
293,Emily,Johnson,Female,1979-01-27 07:58:18,alex.davis293@mail.com,981-645-6218,2021-08-26 23:44:13,7363 Main St,Los Angeles,TX,15184
294,Alex,Rodriguez,Male,1978-02-03 08:18:16,jessica.jones294@mail.com,261-406-5635,2020-11-30 04:12:45,7758 Pine St,New York,CA,61676
295,John,Martinez,Male,1961-05-06 03:32:19,linda.rodriguez295@mail.com,217-393-3508,2017-02-12 12:54:49,4869 Oak St,Phoenix,TX,75739
296,John,Rodriguez,Female,1962-04-16 15:35:25,emily.brown296@mail.com,707-324-5609,2017-05-07 21:14:01,5995 Maple St,San Antonio,IL,60123
297,Michael,Martinez,Male,1991-10-20 10:28:53,linda.brown297@mail.com,759-777-2264,2015-09-11 09:34:26,5417 Maple St,San Antonio,AZ,68154
298,Sarah,Martinez,Female,1992-04-02 04:07:15,robert.miller298@mail.com,699-634-6186,2022-11-03 18:01:00,2614 Maple St,Houston,CA,12401
299,Alex,Davis,Female,1990-08-25 22:39:29,john.williams299@mail.com,858-950-5439,2015-06-19 09:31:50,7728 Oak St,Philadelphia,TX,84080
300,William,Smith,Male,1998-03-27 17:55:53,emily.davis300@mail.com,699-328-6516,2019-02-14 01:51:05,4060 Oak St,Houston,CA,34761
301,Michael,Davis,Male,1962-07-26 13:59:07,emily.martinez301@mail.com,534-704-2927,2021-02-14 02:22:59,7018 Maple St,Philadelphia,TX,52046
302,Jessica,Martinez,Male,1989-07-22 23:05:55,alex.garcia302@mail.com,687-205-8680,2021-06-29 05:53:09,9611 Oak St,San Antonio,IL,14516
303,John,Jones,Male,1976-04-24 11:39:11,robert.brown303@mail.com,753-177-5787,2017-07-29 05:22:21,5258 Main St,San Antonio,PA,79184
304,Michael,Miller,Female,1966-07-25 12:24:40,jessica.williams304@mail.com,215-288-6233,2019-02-08 02:36:42,3187 Elm St,New York,AZ,47517
305,Alex,Martinez,Female,1969-03-12 19:58:00,linda.smith305@mail.com,128-163-8342,2019-12-08 01:54:53,4827 Main St,Chicago,IL,51800
306,John,Davis,Female,1974-08-23 23:26:12,jessica.smith306@mail.com,230-372-6561,2021-11-21 06:56:07,2498 Main St,Los Angeles,NY,69262
307,Emily,Jones,Male,1983-07-05 11:26:53,jane.garcia307@mail.com,277-235-1312,2016-11-07 07:33:48,4685 Elm St,Houston,AZ,58253
308,Michael,Davis,Male,1978-02-27 05:42:09,robert.garcia308@mail.com,979-719-3665,2021-11-07 23:13:35,1055 Pine St,Phoenix,IL,20375
309,Robert,Rodriguez,Male,1983-08-23 05:28:04,john.davis309@mail.com,884-968-4403,2015-06-04 03:13:27,6416 Main St,Philadelphia,TX,33713
310,John,Williams,Female,1990-03-20 14:46:03,john.davis310@mail.com,917-808-7488,2018-02-17 15:04:24,1002 Oak St,Phoenix,AZ,41170
311,Alex,Garcia,Male,1998-05-13 13:39:57,jane.brown311@mail.com,614-252-2192,2019-02-12 15:00:44,7621 Oak St,Chicago,AZ,90343
312,Jane,Johnson,Female,1961-12-12 21:21:25,william.smith312@mail.com,459-701-5077,2022-01-11 19:09:35,9920 Oak St,Philadelphia,CA,23256
313,William,Davis,Male,1971-03-27 22:03:26,sarah.davis313@mail.com,581-389-9204,2017-03-03 06:45:36,1329 Maple St,Houston,TX,98056
314,Linda,Johnson,Female,1971-12-10 02:28:46,linda.garcia314@mail.com,207-887-8298,2020-11-20 08:54:01,9216 Maple St,New York,NY,22466
315,Sarah,Brown,Female,1960-10-05 09:27:21,michael.miller315@mail.com,796-479-7792,2019-06-08 18:37:19,5926 Oak St,Phoenix,PA,23759
316,Linda,Davis,Male,1977-06-23 05:20:14,robert.davis316@mail.com,161-975-4249,2020-04-14 19:59:14,9266 Maple St,Chicago,TX,68601
317,Alex,Williams,Male,1984-05-10 16:59:12,robert.smith317@mail.com,481-833-4228,2016-09-08 23:47:24,3562 Oak St,Houston,IL,79550
318,Jessica,Johnson,Female,1977-07-26 14:23:42,linda.miller318@mail.com,384-956-3180,2015-09-24 01:46:34,409 Main St,San Antonio,CA,52722
319,Jessica,Martinez,Female,1968-01-06 01:25:20,linda.davis319@mail.com,955-476-9445,2019-06-06 01:27:25,1717 Maple St,San Antonio,IL,36252
320,Jane,Davis,Male,1994-03-01 17:11:52,jane.miller320@mail.com,684-715-5369,2021-07-19 00:40:27,285 Elm St,Houston,NY,70570
321,Sarah,Smith,Male,1975-01-16 23:41:01,sarah.brown321@mail.com,663-275-4185,2017-10-09 13:05:23,462 Pine St,Houston,NY,44448
322,Robert,Garcia,Female,1965-08-13 02:47:38,robert.brown322@mail.com,694-319-2565,2015-03-07 06:09:43,4157 Oak St,Houston,AZ,82357
323,Jane,Williams,Male,1985-02-23 12:23:20,emily.garcia323@mail.com,987-366-4987,2021-01-21 17:17:23,8514 Elm St,Philadelphia,TX,54517
324,Linda,Johnson,Female,1973-02-23 21:32:00,sarah.martinez324@mail.com,800-401-9836,2017-02-12 16:45:15,1744 Oak St,Houston,NY,59037
325,Jane,Williams,Female,1973-07-10 09:43:57,emily.brown325@mail.com,546-405-2425,2020-12-19 20:45:47,5634 Maple St,Phoenix,IL,67240
326,Linda,Jones,Male,1987-06-03 15:51:03,william.brown326@mail.com,736-171-4134,2018-07-28 03:19:19,1319 Oak St,Chicago,TX,21021
327,John,Garcia,Male,1966-02-21 03:19:02,robert.jones327@mail.com,878-128-1347,2021-08-21 17:29:30,2377 Pine St,Philadelphia,TX,39149
328,Jessica,Martinez,Male,1966-05-16 11:47:14,michael.rodriguez328@mail.com,983-717-1061,2015-07-28 19:42:42,7246 Elm St,Houston,AZ,66734
329,John,Davis,Male,1966-09-19 19:55:47,michael.martinez329@mail.com,174-777-8719,2018-05-04 17:16:32,220 Pine St,Los Angeles,PA,62886
330,William,Davis,Male,1967-03-16 03:35:21,michael.smith330@mail.com,356-508-9836,2020-06-24 08:27:44,2434 Main St,Los Angeles,IL,88084
331,Sarah,Davis,Female,1967-10-25 23:31:52,john.smith331@mail.com,561-562-3216,2018-10-30 11:40:21,4956 Maple St,Chicago,IL,48833
332,Robert,Garcia,Female,1969-09-07 14:20:29,linda.jones332@mail.com,472-445-8431,2016-10-06 04:20:06,1155 Maple St,San Antonio,NY,78619
333,Linda,Smith,Male,1983-06-21 11:43:05,emily.martinez333@mail.com,835-177-9710,2020-05-18 07:14:07,372 Pine St,New York,TX,79224
334,Robert,Brown,Male,1996-08-18 20:56:23,sarah.smith334@mail.com,453-544-5512,2019-09-23 20:13:23,6701 Main St,New York,IL,76045
335,Linda,Miller,Male,1964-04-16 17:01:03,alex.davis335@mail.com,451-453-3045,2016-02-14 02:40:41,316 Pine St,San Antonio,CA,24568
336,Alex,Rodriguez,Female,1981-01-28 12:08:24,william.rodriguez336@mail.com,797-663-9176,2019-03-18 14:09:47,802 Main St,Philadelphia,PA,70273
337,Jane,Johnson,Male,1991-12-05 21:40:21,william.garcia337@mail.com,422-368-3918,2017-05-18 10:38:29,1389 Pine St,Philadelphia,NY,25773
338,William,Smith,Male,1975-08-02 15:35:33,michael.rodriguez338@mail.com,316-420-7055,2015-11-14 01:14:06,4947 Maple St,Philadelphia,CA,76291
339,Jessica,Martinez,Female,1966-07-16 18:03:06,emily.garcia339@mail.com,861-871-5205,2021-06-28 03:30:12,5892 Pine St,New York,AZ,78389
340,Linda,Johnson,Female,1992-03-29 13:26:24,robert.martinez340@mail.com,426-160-2387,2017-10-25 10:37:05,8899 Maple St,Los Angeles,TX,68215
341,Robert,Davis,Male,1970-12-26 03:28:17,sarah.rodriguez341@mail.com,122-797-8664,2017-05-18 14:12:57,794 Pine St,New York,AZ,57316
342,William,Williams,Male,1960-12-26 04:54:59,michael.brown342@mail.com,249-599-9709,2015-04-06 21:40:11,8382 Main St,Phoenix,TX,32052
343,Emily,Martinez,Male,1973-12-10 22:29:12,emily.brown343@mail.com,355-940-6851,2021-07-20 12:40:02,5299 Elm St,Houston,AZ,31297
344,Emily,Johnson,Female,1980-10-03 01:08:36,jessica.brown344@mail.com,915-947-3588,2017-12-18 06:04:28,6181 Elm St,Philadelphia,IL,37528
345,John,Davis,Male,1981-10-03 15:03:33,alex.martinez345@mail.com,159-949-2068,2018-11-21 08:11:10,8894 Pine St,Los Angeles,CA,32671
346,Jessica,Johnson,Male,1988-09-11 15:50:25,jessica.martinez346@mail.com,161-185-4533,2016-08-24 02:12:06,8076 Main St,Chicago,TX,53454
347,Alex,Williams,Male,1991-04-15 23:22:48,emily.brown347@mail.com,245-355-6605,2021-11-13 06:03:34,6465 Pine St,Chicago,NY,41511
348,Robert,Davis,Female,1979-08-31 01:46:54,michael.davis348@mail.com,564-506-1022,2016-11-06 21:47:12,7024 Elm St,Houston,CA,11659
349,Jane,Brown,Female,1996-10-04 21:15:53,michael.brown349@mail.com,841-686-3194,2018-02-14 11:30:19,1676 Oak St,Los Angeles,NY,66909
350,Jane,Smith,Male,1980-04-13 01:14:39,robert.garcia350@mail.com,320-887-2296,2020-02-07 12:12:45,4539 Elm St,New York,CA,99404
351,Robert,Jones,Male,1980-01-07 05:14:10,william.davis351@mail.com,827-779-5690,2022-12-16 23:14:17,3351 Oak St,New York,CA,71500
352,Sarah,Rodriguez,Female,1962-06-09 21:35:46,linda.davis352@mail.com,600-577-5833,2022-02-19 09:12:05,173 Main St,Phoenix,AZ,78824
353,Alex,Garcia,Female,1992-11-17 06:38:07,emily.martinez353@mail.com,491-294-1964,2017-09-24 07:07:21,8782 Pine St,Phoenix,TX,37228
354,William,Rodriguez,Female,1973-06-21 04:28:17,alex.rodriguez354@mail.com,105-958-9313,2015-09-23 14:10:38,1911 Oak St,New York,TX,69661
355,Linda,Martinez,Female,1978-11-06 02:21:55,michael.davis355@mail.com,284-772-7691,2018-11-22 16:16:28,1225 Pine St,Chicago,TX,38670
356,Sarah,Rodriguez,Female,1962-10-10 01:26:49,robert.garcia356@mail.com,369-367-8562,2020-07-17 11:05:11,2218 Pine St,Philadelphia,CA,98334
357,Linda,Davis,Female,1983-07-15 09:27:54,john.garcia357@mail.com,746-188-2175,2021-04-25 00:29:05,6052 Elm St,Chicago,IL,56880
358,Linda,Brown,Female,1995-02-25 06:32:06,william.rodriguez358@mail.com,534-920-2169,2015-05-28 23:22:49,3464 Main St,Phoenix,IL,52132
359,Sarah,Jones,Female,1976-03-15 04:29:06,linda.williams359@mail.com,444-194-6538,2022-11-10 18:03:58,5092 Maple St,Houston,NY,12085
360,John,Smith,Female,1998-06-29 20:30:24,jessica.williams360@mail.com,717-871-7502,2020-12-13 18:59:19,6681 Oak St,New York,NY,56913
361,Emily,Smith,Male,1972-04-12 04:02:16,sarah.davis361@mail.com,911-548-8085,2018-05-14 22:32:46,6645 Maple St,Phoenix,AZ,86040
362,Linda,Williams,Male,1972-10-07 07:41:15,emily.williams362@mail.com,999-476-7336,2017-03-06 00:09:12,5061 Main St,Phoenix,CA,50522
363,Sarah,Garcia,Male,1974-05-24 16:13:22,michael.jones363@mail.com,307-361-3557,2016-10-18 10:29:16,1298 Main St,Philadelphia,NY,56316
364,Sarah,Johnson,Female,1987-11-16 17:24:45,robert.martinez364@mail.com,362-390-7258,2018-04-11 21:39:25,8165 Elm St,New York,NY,89604
365,Michael,Brown,Male,1970-05-17 10:19:02,john.williams365@mail.com,596-108-3430,2017-09-05 17:26:58,1790 Pine St,Philadelphia,PA,27138
366,John,Johnson,Female,1996-11-02 04:32:23,jane.brown366@mail.com,237-380-5109,2018-02-21 10:38:29,8897 Pine St,New York,CA,35082
367,Jessica,Jones,Female,1984-03-05 14:58:07,jane.miller367@mail.com,155-510-4721,2021-06-30 07:22:30,6410 Oak St,Philadelphia,AZ,25263
368,Michael,Rodriguez,Male,1981-06-23 18:55:28,jessica.garcia368@mail.com,374-772-1976,2021-08-04 22:11:34,4536 Pine St,Chicago,NY,73927
369,Michael,Smith,Female,1991-12-03 23:28:07,alex.brown369@mail.com,702-110-9418,2020-09-16 08:35:38,1206 Main St,Houston,AZ,43325
370,Robert,Jones,Male,1967-09-03 02:28:54,robert.miller370@mail.com,152-231-5656,2015-09-24 22:16:33,4763 Main St,Houston,TX,64200
371,Emily,Rodriguez,Male,1973-08-14 16:00:11,john.davis371@mail.com,381-307-9141,2021-08-19 16:15:42,9264 Oak St,New York,AZ,37421
372,Sarah,Smith,Male,1996-09-21 00:23:06,john.brown372@mail.com,105-289-8947,2015-07-29 19:53:16,2241 Maple St,Los Angeles,IL,60913
373,Emily,Rodriguez,Female,1963-02-28 15:34:10,michael.martinez373@mail.com,654-802-7901,2021-02-09 23:27:19,1002 Oak St,San Antonio,IL,29859
374,Alex,Garcia,Male,1988-02-16 08:34:43,emily.brown374@mail.com,210-155-3717,2016-06-17 09:57:14,5845 Main St,Phoenix,AZ,83467
375,Robert,Brown,Female,1996-03-20 13:47:56,linda.johnson375@mail.com,107-357-5968,2019-11-08 02:17:36,3580 Maple St,Phoenix,IL,73172
376,Jessica,Martinez,Male,1967-06-05 08:37:35,jessica.garcia376@mail.com,100-696-8546,2018-10-29 21:23:05,1280 Pine St,New York,TX,86335
377,Emily,Jones,Male,1986-11-17 21:30:23,alex.brown377@mail.com,485-316-6545,2015-06-14 00:01:49,9779 Main St,Philadelphia,CA,51623
378,Jane,Jones,Male,1974-10-08 03:22:29,sarah.williams378@mail.com,725-732-1166,2016-09-19 02:24:37,4261 Pine St,Los Angeles,IL,13298
379,Linda,Miller,Female,1968-01-10 05:16:54,emily.smith379@mail.com,105-136-4530,2018-08-24 05:35:33,6806 Elm St,Chicago,IL,15202
380,Alex,Davis,Female,1962-08-02 00:18:34,robert.garcia380@mail.com,943-770-9387,2019-06-05 19:05:31,1892 Oak St,Philadelphia,AZ,58673
381,John,Garcia,Female,1984-01-01 09:41:27,alex.johnson381@mail.com,878-320-4666,2020-08-21 19:59:30,4422 Elm St,Philadelphia,TX,38774
382,Jessica,Garcia,Male,1975-09-19 07:25:48,alex.miller382@mail.com,983-976-8885,2022-08-10 07:19:42,4742 Oak St,New York,TX,52046
383,Alex,Johnson,Male,1997-10-30 22:23:43,michael.garcia383@mail.com,210-916-8028,2015-01-06 18:52:27,4046 Maple St,New York,TX,76512
384,Linda,Rodriguez,Female,1991-06-06 16:16:31,sarah.jones384@mail.com,553-559-4997,2016-11-14 13:36:49,2405 Maple St,Phoenix,TX,88642
385,Robert,Davis,Female,1974-03-29 15:20:36,john.smith385@mail.com,164-870-3460,2017-11-14 19:23:27,8475 Main St,New York,TX,10413
386,Linda,Brown,Female,1986-04-17 05:26:38,michael.williams386@mail.com,876-417-4010,2018-07-04 01:56:56,6542 Elm St,New York,CA,85403
387,Michael,Brown,Female,1995-09-04 20:30:31,emily.williams387@mail.com,210-809-4110,2018-12-01 06:24:30,3422 Main St,New York,AZ,37911
388,Linda,Garcia,Female,1990-01-17 14:24:35,alex.williams388@mail.com,919-786-6450,2020-08-14 12:58:04,5474 Pine St,Phoenix,AZ,11396
389,Michael,Brown,Female,1972-09-01 11:43:25,michael.rodriguez389@mail.com,985-763-4885,2017-01-14 10:24:55,4398 Oak St,Chicago,PA,47066
390,Robert,Miller,Male,1997-03-25 04:27:20,william.rodriguez390@mail.com,871-970-1754,2017-08-06 21:08:09,4077 Pine St,Chicago,TX,69781
391,William,Jones,Female,1979-09-16 16:42:41,jessica.williams391@mail.com,650-668-4898,2022-12-26 19:08:59,1795 Elm St,San Antonio,TX,99021
392,Michael,Williams,Male,1967-03-02 21:37:53,sarah.rodriguez392@mail.com,454-701-8536,2019-09-16 03:53:43,8374 Pine St,San Antonio,CA,95424
393,John,Martinez,Male,1971-11-03 09:11:06,william.davis393@mail.com,372-102-4261,2018-06-02 03:20:40,2695 Elm St,New York,TX,76555
394,Linda,Johnson,Female,1994-12-09 19:59:56,linda.smith394@mail.com,864-251-3090,2017-02-18 08:58:23,7268 Maple St,San Antonio,TX,96147
395,Linda,Rodriguez,Female,1973-02-23 07:15:58,michael.brown395@mail.com,773-669-9386,2018-09-05 02:36:15,6013 Elm St,Phoenix,CA,45471
396,John,Martinez,Male,1964-08-15 10:33:25,jessica.rodriguez396@mail.com,823-854-4064,2022-04-06 00:52:30,9484 Maple St,Chicago,TX,85214
397,Jane,Rodriguez,Female,1979-11-09 17:32:24,alex.miller397@mail.com,236-290-7321,2018-10-04 10:50:41,5878 Main St,Philadelphia,AZ,81312
398,Sarah,Smith,Female,1970-04-27 11:52:17,jane.martinez398@mail.com,132-856-4421,2018-02-21 21:56:42,8032 Oak St,Chicago,AZ,78691
399,William,Martinez,Male,1969-09-28 18:50:42,john.garcia399@mail.com,407-306-3342,2018-03-15 21:52:48,4395 Elm St,Chicago,NY,30715
400,Jessica,Williams,Male,1994-01-31 01:58:04,michael.davis400@mail.com,125-568-8660,2016-05-31 07:50:55,3438 Oak St,Phoenix,IL,84839
